campanas_antes,cantidad_campanas,porc_efectP
TDCs,1691683,0.66088031859396823
Ni mierda,271486,5.89533161931002
Otros,97164,2.6789757523362563